<?xml version="1.0" encoding="UTF-8"?>
<hechos_historicos>Hechos históricos
    <descripcion_de_cada_hecho>
            IBM da a conocer el PC
            <fecha>
                <dia>12</dia>
                <mes>8</mes>
                <año>1981</año>
            Se funda Google
                <dia>4</dia>
                <mes>9</mes>
                <año>1998</año>
            Se funda Facebook
                <dia>4</dia>
                <mes>2</mes>
                <año>2004</año>
            </fecha>
            


    </descripcion_de_cada_hecho>
</hechos_historicos>
